,0,1,2,3,4,5,6,7,8,9,10,11,12
0,½Õ»ù¤é´Á,µL¹]¨Tªo92,µL¹]¨Tªo95,µL¹]¨Tªo98,¶W¯Å/°ª¯Å®ãªo,¤G¦æµ{µL¹],·Ñªo,¥ÒºØº®²îªo(KL),¤AºØº®²îªo(KL),§C²¸¿U®Æªo(0.5%)(KL),¥ÒºØ§C²¸  ¿U®Æªo/ §C²¸ÁçÄlªo(0.5%)(KL),§C²¸  ¿U®Æªo(1%)(KL),§C²¸ÁçÄlªo(1%)(KL)
1,2018/03/19,26.0,27.5,29.5,23.8,,,16593,11678,,,,
2,2018/03/14,,,,,,37.4,,,,,,
3,2018/03/12,26.1,27.6,29.6,23.9,,,16693,11778,,,,
4,2018/03/07,,,,,,38.9,,,,,,
5,2018/03/06,,,,,,,,,14376,15562,,
6,2018/03/05,26.3,27.8,29.8,24.1,,,16893,11978,,,,
7,2018/02/28,,,,,,38.0,,,,,,
8,2018/02/26,26.2,27.7,29.7,24.0,,,16793,11878,,,,
9,2018/02/22,,,,,,37.4,,,,,,
10,2018/02/19,25.8,27.3,29.3,23.6,,,16393,11478,,,,
11,2018/02/14,,,,,,38.9,,,,,,
12,2018/02/12,26.4,27.9,29.9,24.3,,,17093,12178,,,,
13,2018/02/06,,,,,,,,,13913,15182,,
14,2018/02/05,27.0,28.5,30.5,24.9,,,17693,12778,,,,
15,2018/01/24,,,,,,40.1,,,,,,
16,2018/01/22,27.2,28.7,30.7,,,,,,,,,
17,2018/01/17,,,,,,39.8,,,,,,
18,2018/01/15,27.1,28.6,30.6,25.1,,,17893,12978,,,,
19,2018/01/10,,,,,,39.5,,,,,,
20,2018/01/08,26.9,28.4,30.4,24.8,,,17593,12678,,,,
21,2018/01/06,,,,,,,,,13538,14706,,
22,2018/01/03,,,,,,39.2,,,,,,
23,2018/01/01,26.7,28.2,30.2,24.6,,,17393,12478,,,,
24,2017/12/27,,,,,,38.3,,,,,,
25,2017/12/25,26.4,27.9,29.9,24.2,,,16993,12078,,,,
26,2017/12/20,,,,,,38.0,,,,,,
27,2017/12/18,26.3,27.8,29.8,24.1,,,16893,11978,,,,
28,2017/12/13,,,,,,37.7,,,,,,
29,2017/12/11,26.1,27.6,29.6,23.9,,,16693,11778,,,,
30,2017/12/06,,,,,,,,,12812,13993,,
31,2017/12/04,,,,24.1,,,16893,11978,,,,
32,2017/11/29,,,,,,38.6,,,,,,
33,2017/11/27,26.2,27.7,29.7,24.0,,,16793,11878,,,,
34,2017/11/22,,,,,,38.0,,,,,,
35,2017/11/20,26.1,27.6,29.6,23.9,,,16693,11778,,,,
36,2017/11/15,,,,,,38.6,,,,,,
37,2017/11/13,26.4,27.9,29.9,24.3,,,17093,12178,,,,
38,2017/11/08,,,,,,37.1,,,,,,
39,2017/11/06,25.8,27.3,29.3,23.6,,,16393,11478,12056,13239,,
40,2017/11/01,,,,,,35.9,,,,,,
41,2017/10/30,25.3,26.8,28.8,23.0,,,15793,10878,,,,
42,2017/10/25,,,,,,35.3,,,,,,
43,2017/10/23,25.1,26.6,28.6,22.9,,,15693,10778,,,,
44,2017/10/16,,,,22.6,,,15393,10478,,,,
45,2017/10/12,,,,,,34.4,,,,,,
46,2017/10/09,24.9,26.4,28.4,22.7,,,15493,10578,,,,
47,2017/10/06,,,,,,,,,11655,12751,,
48,2017/10/04,,,,,,35.3,,,,,,
49,2017/10/02,25.2,26.7,28.7,23.0,,,15793,10878,,,,
50,2017/09/27,,,,,,34.4,,,,,,
51,2017/09/25,24.8,26.3,28.3,22.6,,,15393,10478,,,,
52,2017/09/18,24.5,26.0,28.0,22.2,,,14993,10078,,,,
53,2017/09/13,,,,,,33.5,,,,,,
54,2017/09/11,24.3,25.8,27.8,22.0,,,14793,9878,,,,
55,2017/09/06,,,,,,32.0,,,11718,12687,,
56,2017/09/04,23.9,25.4,27.4,21.5,,,14293,9378,,,,
57,2017/08/30,,,,,,31.1,,,,,,
58,2017/08/28,23.8,25.3,27.3,21.4,,,14193,9278,,,,
59,2017/08/23,,,,,,30.5,,,,,,
60,2017/08/21,23.6,25.1,27.1,21.2,,,13993,9078,,,,
61,2017/08/09,,,,,,31.1,,,,,,
62,2017/08/07,23.9,25.4,27.4,21.5,,,14293,9378,,,,
63,2017/08/06,,,,,,,,,12180,12999,,
64,2017/08/02,,,,,,29.6,,,,,,
65,2017/07/31,23.4,24.9,26.9,21.0,,,13793,8878,,,,
66,2017/07/26,,,,,,29.0,,,,,,
67,2017/07/24,23.2,24.7,26.7,20.8,,,13593,8678,,,,
68,2017/07/19,,,,,,28.1,,,,,,
69,2017/07/17,22.9,24.4,26.4,20.4,,,13193,8278,,,,
70,2017/07/12,,,,,,29.0,,,,,,
71,2017/07/10,23.2,24.7,26.7,20.8,,,13593,8678,,,,
72,2017/07/06,,,,,,,,,12755,13529,,
73,2017/07/05,,,,,,28.4,,,,,,
74,2017/07/03,22.8,24.3,26.3,20.3,,,13093,8178,,,,
75,2017/06/28,,,,,,27.2,,,,,,
76,2017/06/26,22.5,24.0,26.0,20.0,,,12793,7878,,,,
77,2017/06/21,,,,,,27.8,,,,,,
78,2017/06/19,22.8,24.3,26.3,20.3,,,13093,8178,,,,
79,2017/06/14,,,,,,28.4,,,,,,
80,2017/06/12,23.0,24.5,26.5,20.6,,,13393,8478,,,,
81,2017/06/07,,,,,,28.7,,,,,,
82,2017/06/06,,,,,,,,,12901,13765,,
83,2017/06/05,23.5,25.0,27.0,21.1,,,13893,8978,,,,
84,2017/06/01,,,,,,29.9,,,,,,
85,2017/05/29,24.1,25.6,27.6,21.7,,,14493,9578,,,,
86,2017/05/24,,,,,,29.0,,,,,,
87,2017/05/22,23.9,25.4,27.4,21.5,,,14293,9378,,,,
88,2017/05/10,,,,,,28.1,,,,,,
89,2017/05/08,23.4,24.9,26.9,20.9,,,13693,8778,,,,
90,2017/05/06,,,,,,,,,13148,14075,,
91,2017/05/03,,,,,,29.3,,,,,,
92,2017/05/01,23.7,25.2,27.2,21.3,,,14093,9178,,,,
93,2017/04/26,,,,,,31.1,,,,,,
94,2017/04/24,24.2,25.7,27.7,21.8,,,14593,9678,,,,
95,2017/04/19,,,,,,32.2,,,,,,
96,2017/04/17,24.7,26.2,28.2,22.4,,,15193,10278,,,,
97,2017/04/12,,,,,,31.7,,,,,,
98,2017/04/10,24.3,25.8,27.8,22.0,,,14793,9878,,,,
99,2017/04/06,,,,,,31.4,,,13224,14230,,
100,2017/04/03,23.7,25.2,27.2,21.3,,,14093,9178,,,,
101,2017/03/29,,,,,,31.1,,,,,,
102,2017/03/27,23.6,25.1,27.1,21.2,,,13993,9078,,,,
103,2017/03/22,,,,,,31.7,,,,,,
104,2017/03/20,23.8,25.3,27.3,21.5,,,14293,9378,,,,
105,2017/03/15,,,,,,33.8,,,,,,
106,2017/03/13,24.6,26.1,28.1,22.2,,,14993,10078,,,,
107,2017/03/08,,,,,,35.0,,,,,,
108,2017/03/06,,,,,,,,,13325,14294,,
109,2017/02/27,24.9,26.4,28.4,22.6,,,15393,10478,,,,
110,2017/02/20,24.8,26.3,28.3,22.5,,,15293,10378,,,,
111,2017/02/13,24.9,26.4,28.4,22.6,,,15393,10478,,,,
112,2017/02/08,,,,,,35.9,,,,,,
113,2017/02/06,25.0,26.5,28.5,22.7,,,15493,10578,12892,13785,,
114,2017/01/23,24.9,26.4,28.4,22.6,,,15393,10478,,,,
115,2017/01/18,,,,,,35.3,,,,,,
116,2017/01/16,25.0,26.5,28.5,22.7,,,15493,10578,,,,
117,2017/01/09,,,,23.1,,,15893,10978,,,,
118,2017/01/06,,,,,,,,,12461,13314,,
119,2017/01/04,,,,,,35.9,,,,,,
120,2017/01/02,25.3,26.8,28.8,23.0,,,15793,10878,,,,
121,2016/12/21,,,,,,35.3,,,,,,
122,2016/12/19,24.9,26.4,28.4,22.6,,,15393,10478,,,,
123,2016/12/14,,,,,,34.4,,,,,,
124,2016/12/12,24.6,26.1,28.1,22.2,,,14993,10078,,,,
125,2016/12/06,,,,,,,,,12147,12933,,
126,2016/12/05,23.6,25.1,27.1,21.2,,,13993,9078,,,,
127,2016/11/30,,,,,,32.0,,,,,,
128,2016/11/28,23.3,24.8,26.8,20.9,,,13693,8778,,,,
129,2016/11/21,22.6,24.1,26.1,20.1,,,12893,7978,,,,
130,2016/11/16,,,,,,29.9,,,,,,
131,2016/11/14,22.5,24.0,26.0,20.0,,,12793,7878,,,,
132,2016/11/09,,,,,,31.1,,,,,,
133,2016/11/07,22.8,24.3,26.3,20.4,,,13193,8278,,,,
134,2016/11/06,,,,,,,,,11927,12719,,
135,2016/11/02,,,,,,34.1,,,,,,
136,2016/10/31,23.8,25.3,27.3,21.4,,,14193,9278,,,,
137,2016/10/24,,,,21.6,,,14393,9478,,,,
138,2016/10/19,,,,,,35.3,,,,,,
139,2016/10/17,24.0,25.5,27.5,21.7,,,14493,9578,,,,
140,2016/10/12,,,,,,34.4,,,,,,
141,2016/10/10,23.8,25.3,27.3,21.4,,,14193,9278,,,,
142,2016/10/06,,,,,,,,,12229,12866,,
143,2016/10/05,,,,,,32.3,,,,,,
144,2016/10/03,22.7,24.2,26.2,20.2,,,12993,8078,,,,
145,2016/09/26,22.6,24.1,26.1,20.1,,,12893,7978,,,,
146,2016/09/20,,,,,,31.4,,,,,,
147,2016/09/19,22.7,24.2,26.2,20.2,,,12993,8078,,,,
148,2016/09/07,,,,,,32.3,,,,,,
149,2016/09/06,,,,,,,,,12178,12911,,
150,2016/09/05,22.9,24.4,26.4,20.4,,,13193,8278,,,,
151,2016/08/29,23.4,24.9,26.9,20.9,,,13693,8778,,,,
152,2016/08/24,,,,,,33.2,,,,,,
153,2016/08/22,23.3,24.8,26.8,20.8,,,13593,8678,,,,
154,2016/08/17,,,,,,30.5,,,,,,
155,2016/08/15,22.2,23.7,25.7,19.7,,,12493,7578,,,,
156,2016/08/10,,,,,,29.3,,,,,,
157,2016/08/08,21.8,23.3,25.3,19.2,,,11993,7078,,,,
158,2016/08/06,,,,,,,,,12191,12975,,
159,2016/08/03,,,,,,30.8,,,,,,
160,2016/08/01,22.1,23.6,25.6,19.5,,,12293,7378,,,,
161,2016/07/27,,,,,,32.3,,,,,,
162,2016/07/25,,,,20.1,,,12893,7978,,,,
163,2016/07/20,,,,,,32.9,,,,,,
164,2016/07/18,22.7,24.2,26.2,20.2,,,12993,8078,,,,
165,2016/07/11,23.1,24.6,26.6,20.6,,,13393,8478,,,,
166,2016/07/06,,,,,,,,,11503,12333,,
167,2016/07/04,23.4,24.9,26.9,20.9,,,13693,8778,,,,
168,2016/06/27,23.6,25.1,27.1,21.1,,,13893,8978,,,,
169,2016/06/22,,,,,,33.4,,,,,,
170,2016/06/20,23.4,24.9,26.9,21.0,,,13793,8878,,,,
171,2016/06/13,23.9,25.4,27.4,21.5,,,14293,9378,,,,
172,2016/06/06,,,,21.2,,,13993,9078,10795,11534,,
173,2016/06/01,,,,,,34.9,,,,,,
174,2016/05/30,,,,21.1,,,13893,8978,,,,
175,2016/05/25,,,,,,34.4,,,,,,
176,2016/05/23,23.6,25.1,27.1,21.2,,,13993,9078,,,,
177,2016/05/16,22.9,24.4,26.4,20.4,,,13193,8278,,,,
178,2016/05/11,,,,,,32.6,,,,,,
179,2016/05/06,,,,,,,,,10110,10689,,
180,2016/05/04,,,,,,33.2,,,,,,
181,2016/05/02,22.6,24.1,26.1,20.1,,,12893,7978,,,,
182,2016/04/25,22.1,23.6,25.6,19.5,,,12293,7378,,,,
183,2016/04/20,,,,,,31.1,,,,,,
184,2016/04/18,22.0,23.5,25.5,19.4,,,12193,7278,,,,
185,2016/04/11,20.9,22.4,24.4,18.3,,,11093,6178,,,,
186,2016/04/06,,,,,,,,,10729,10908,,
187,2016/04/04,21.1,22.6,24.6,18.4,,,11193,6278,,,,
188,2016/04/01,,,,,,,,,,,,
189,2016/03/28,21.4,22.9,24.9,18.8,,,11593,6678,,,,
190,2016/03/23,,,,,,29.0,,,,,,
191,2016/03/21,21.2,22.7,24.7,,,,,,,,,
192,2016/03/16,,,,,,28.7,,,,,,
193,2016/03/14,21.3,22.8,24.8,18.6,,,11393,6478,,,,
194,2016/03/09,,,,,,26.3,,,,,,
195,2016/03/07,20.4,21.9,23.9,17.7,,,10493,5578,,,,
196,2016/03/06,,,,,,,,,12261,12261,,
197,2016/03/02,,,,,,24.5,,,,,,
198,2016/02/29,,,,17.2,,,9993,5078,,,,
199,2016/02/24,,,,,,24.8,,,,,,
200,2016/02/22,19.9,21.4,23.4,17.1,,,9893,4978,,,,
201,2016/02/17,,,,,,23.3,,,,,,
202,2016/02/15,19.0,20.5,22.5,16.2,,,8993,4078,,,,
203,2016/02/08,19.9,21.4,23.4,17.1,,,9893,4978,,,,
204,2016/02/06,,,,,,,,,13252,13252,,
205,2016/02/03,,,,,,22.1,,,,,,
206,2016/02/01,19.3,20.8,22.8,16.5,,,9293,4378,,,,
207,2016/01/27,,,,,,20.1,,,,,,
208,2016/01/25,18.3,19.8,21.8,15.5,,,8293,3378,,,,
209,2016/01/20,,,,,,20.6,,,,,,
210,2016/01/18,18.4,19.9,21.9,15.9,,,8693,3778,,,,
211,2016/01/13,,,,,,21.6,,,,,,
212,2016/01/11,19.5,21.0,23.0,17.0,,,9793,4878,,,,
213,2016/01/06,,,,,,22.1,,,13732,13856,,
214,2015/12/30,,,,,,22.6,,,,,,
215,2015/12/28,19.9,21.4,23.4,17.4,,,10193,5278,,,,
216,2015/12/23,,,,,,22.7,,,,,,
217,2015/12/21,20.1,21.6,23.6,17.6,,,10393,5478,,,,
218,2015/12/16,,,,,,23.4,,,,,,
219,2015/12/14,20.8,22.3,24.3,18.4,,,11193,6278,,,,
220,2015/12/09,,,,,,25.0,,,,,,
221,2015/12/07,21.6,23.1,25.1,19.3,,,12093,7178,,,,
222,2015/12/06,,,,,,,,,13834,13999,,
223,2015/11/30,21.7,23.2,25.2,19.5,,,12293,7378,,,,
224,2015/11/25,,,,,,25.6,,,,,,
225,2015/11/23,21.5,23.0,25.0,19.2,,,11993,7078,,,,
226,2015/11/18,,,,,,26.6,,,,,,
227,2015/11/16,22.2,23.7,25.7,20.0,,,12793,7878,,,,
228,2015/11/11,,,,,,27.4,,,,,,
229,2015/11/09,22.8,24.3,26.3,20.6,,,13393,8478,,,,
230,2015/11/06,,,,,,,,,13889,14289,,
231,2015/10/28,,,,,,26.5,,,,,,
232,2015/10/26,22.6,24.1,26.1,20.4,,,13193,8278,,,,
233,2015/10/21,,,,,,27.0,,,,,,
234,2015/10/19,23.2,24.7,26.7,21.1,,,13893,8978,,,,
235,2015/10/12,23.6,25.1,27.1,21.5,,,14293,9378,,,,
236,2015/10/06,,,,,,,,,14348,14561,,
237,2015/09/28,22.8,24.3,26.3,20.6,,,13393,8478,,,,
238,2015/09/21,22.7,24.2,26.2,20.5,,,13293,8378,,,,
239,2015/09/14,23.1,24.6,26.6,20.9,,,13693,8778,,,,
240,2015/09/09,,,,,,27.5,,,,,,
241,2015/09/07,23.4,24.9,26.9,21.3,,,14093,9178,,,,
242,2015/09/06,,,,,,,,,14821,15091,,
243,2015/09/02,,,,,,27.0,,,,,,
244,2015/08/31,22.4,23.9,25.9,20.1,,,12893,7978,,,,
245,2015/08/24,23.1,24.6,26.6,20.9,,,13693,8778,,,,
246,2015/08/17,23.4,24.9,26.9,21.3,,,14093,9178,,,,
247,2015/08/12,,,,,,26.0,,,,,,
248,2015/08/10,23.3,24.8,26.8,21.2,,,13993,9078,,,,
249,2015/08/06,,,,,,,,,15087,15770,,
250,2015/08/05,,,,,,27.0,,,,,,
251,2015/08/03,24.1,25.6,27.6,22.0,,,14793,9878,,,,
252,2015/07/29,,,,,,28.0,,,,,,
253,2015/07/27,24.5,26.0,28.0,22.4,,,15193,10278,,,,
254,2015/07/22,,,,,,28.5,,,,,,
255,2015/07/15,,,,,,29.0,,,,,,
256,2015/07/13,24.7,26.2,28.2,22.7,,,15493,10578,,,,
257,2015/07/06,25.5,27.0,29.0,23.6,,,16393,11478,15343,16188,,
258,2015/07/01,,,,,,30.0,,,,,,
259,2015/06/29,25.6,27.1,29.1,23.7,,,16493,11578,,,,
260,2015/06/22,25.7,27.2,29.2,23.8,,,16593,11678,,,,
261,2015/06/17,,,,,,30.5,,,,,,
262,2015/06/15,25.9,27.4,29.4,24.1,,,16893,11978,,,,
263,2015/06/10,,,,,,30.0,,,,,,
264,2015/06/08,25.7,27.2,29.2,23.8,,,16593,11678,,,,
265,2015/06/06,,,,,,,,,,16748,,
266,2015/06/03,,,,,,30.5,,,,,,
267,2015/06/01,25.6,27.1,29.1,23.6,,,16393,11478,,,,
268,2015/05/25,25.9,27.4,29.4,24.0,,,16793,11878,,,,
269,2015/05/18,26.1,27.6,29.6,24.2,,,16993,12078,,,,
270,2015/05/13,,,,,,32.0,,,,,,
271,2015/05/11,26.3,27.8,29.8,24.4,,,17193,12278,,,,
272,2015/05/06,,,,,,31.5,,,15426,16679,,
273,2015/05/04,25.7,27.2,29.2,23.8,,,16593,11678,,,,
274,2015/04/29,,,,,,31.0,,,,,,
275,2015/04/27,25.5,27.0,29.0,23.6,,,16393,11478,,,,
276,2015/04/22,,,,,,30.5,,,,,,
277,2015/04/20,25.2,26.7,28.7,23.2,,,15993,11078,,,,
278,2015/04/13,24.4,25.9,27.9,22.4,,,15193,10278,,,,
279,2015/04/06,24.1,25.6,27.6,22.1,,,14893,9978,15744,17084,,
280,2015/04/01,,,,,,29.5,,,,,,
281,2015/03/30,24.2,25.7,27.7,22.2,,,14993,10078,,,,
282,2015/03/25,,,,,,29.0,,,,,,
283,2015/03/23,23.7,25.2,27.2,21.7,,,14493,9578,,,,
284,2015/03/18,,,,,,30.0,,,,,,
285,2015/03/16,24.5,26.0,28.0,22.6,,,15393,10478,,,,
286,2015/03/09,25.2,26.7,28.7,23.3,,,16093,11178,,,,
287,2015/03/06,,,,,,,,,16192,17140,,
288,2015/03/02,25.0,26.5,28.5,23.1,,,15893,10978,,,,
289,2015/02/23,25.3,26.8,28.8,23.4,,,16193,11278,,,,
290,2015/02/17,,,,,,30.5,,,,,,
291,2015/02/16,24.5,26.0,28.0,22.5,,,15293,10378,,,,
292,2015/02/11,,,,,,29.5,,,,,,
293,2015/02/09,24.0,25.5,27.5,21.9,,,14693,9778,,,,
294,2015/02/06,,,,,,,,,17280,17677,,
295,2015/02/04,,,,,,28.5,,,,,,
296,2015/02/02,22.1,23.6,25.6,,,,,,,,,
297,2015/01/28,,,,,,28.0,,,,,,
298,2015/01/26,22.2,23.7,25.7,19.9,,,12693,7778,,,,
299,2015/01/21,,,,,,27.5,,,,,,
300,2015/01/19,22.1,23.6,25.6,19.8,,,12593,7678,,,,
301,2015/01/14,,,,,,28.0,,,,,,
302,2015/01/12,23.1,24.6,26.6,20.9,,,13693,8778,,,,
303,2015/01/07,,,,,,29.0,,,,,,
304,2015/01/06,,,,,,,,,19018,19913,,
305,2015/01/05,24.3,25.8,27.8,22.3,,,15093,10178,,,,
306,2014/12/29,25.0,26.5,28.5,23.0,,,15793,10878,,,,
307,2014/12/24,,,,,,29.5,,,,,,
308,2014/12/22,24.9,26.4,28.4,22.9,,,15693,10778,,,,
309,2014/12/17,,,,,,30.5,,,,,,
310,2014/12/15,25.9,27.4,29.4,24.0,,,16793,11878,,,,
311,2014/12/10,,,,,,32.5,,,,,,
312,2014/12/08,26.9,28.4,30.4,25.1,,,17893,12978,,,,
313,2014/12/06,,,,,,,,,20010,21532,,
314,2014/12/03,,,,,,34.5,,,,,,
315,2014/12/01,28.1,29.6,31.6,26.4,,,19193,14278,,,,
316,2014/11/24,28.3,29.8,31.8,26.7,,,19493,14578,,,,
317,2014/11/19,,,,,,35.5,,,,,,
318,2014/11/17,28.7,30.2,32.2,27.1,,,19893,14978,,,,
319,2014/11/10,29.2,30.7,32.7,27.7,,,20493,15578,,,,
320,2014/11/06,,,,,,,,,20837,22663,,
321,2014/11/03,,,,28.4,,,21193,16278,,,,
322,2014/10/27,29.8,31.3,33.3,28.3,,,21093,16178,,,,
323,2014/10/22,,,,,,36.0,,,,,,
324,2014/10/20,30.0,31.5,33.5,28.5,,,21293,16378,,,,
325,2014/10/15,,,,,,36.5,,,,,,
326,2014/10/13,30.9,32.4,34.4,29.5,,,22293,17378,,,,
327,2014/10/08,,,,,,37.4,,,,,,
328,2014/10/06,31.5,33.0,35.0,30.2,,,22993,18078,,,,
329,2014/10/01,,,,,,37.9,,,,,,
330,2014/09/29,31.7,33.2,35.2,30.4,,,23193,18278,,,,
331,2014/09/24,,,,,,38.3,,,,,,
332,2014/09/22,31.9,33.4,35.4,30.6,,,23393,18478,,,,
333,2014/09/17,,,,,,38.8,,,,,,
334,2014/09/15,32.0,33.5,35.5,30.7,,,23493,18578,,,,
335,2014/09/08,32.5,34.0,36.0,31.3,,,24093,19178,,,,
336,2014/09/03,,,,,,39.5,,,,,,
337,2014/09/01,32.7,34.2,36.2,31.4,,,24193,19278,,,,
338,2014/08/27,,,,,,40.0,,,,,,
339,2014/08/25,32.5,34.0,36.0,31.3,,,24093,19178,,,,
340,2014/08/20,,,,,,40.5,,,,,,
341,2014/08/18,32.8,34.3,36.3,31.6,,,24393,19478,,,,
342,2014/08/11,33.1,34.6,36.6,32.0,,,24793,19878,,,,
343,2014/08/04,33.4,34.9,36.9,32.3,,,25093,20178,,,,
344,2014/08/02,,,,,,,,,20993,22834,,
345,2014/07/28,33.5,35.0,37.0,32.4,,,25193,20278,,,,
346,2014/07/21,33.4,34.9,36.9,32.2,,,24993,20078,,,,
347,2014/07/16,,,,,,41.0,,,,,,
348,2014/07/14,33.6,35.1,37.1,32.5,,,25293,20378,,,,
349,2014/07/09,,,,,,41.5,,,,,,
350,2014/07/07,34.0,35.5,37.5,33.0,,,25793,20878,,,,
351,2014/07/02,,,,,,,,,21618,23334,,
352,2014/06/30,34.4,35.9,37.9,33.4,,,26193,21278,,,,
353,2014/06/25,,,,,,42.5,,,,,,
354,2014/06/23,34.5,36.0,38.0,33.5,,,26293,21378,,,,
355,2014/06/18,,,,,,41.5,,,,,,
356,2014/06/16,33.9,35.4,37.4,32.8,,,25593,20678,,,,
357,2014/06/09,33.7,35.2,37.2,32.5,,,25293,20378,,,,
358,2014/06/04,,,,,,39.0,,,,,,
359,2014/06/02,33.9,35.4,37.4,32.8,,,25593,20678,21268,23012,,
360,2014/05/26,34.0,35.5,37.5,32.9,,,25693,20778,,,,
361,2014/05/19,33.8,35.3,37.3,32.7,,,25493,20578,,,,
362,2014/05/12,33.5,35.0,37.0,32.4,,,25193,20278,,,,
363,2014/05/07,,,,,,41.0,,,,,,
364,2014/05/05,33.7,35.2,37.2,32.6,,,25393,20478,,,,
365,2014/05/02,,,,,,,,,21021,22779,,
366,2014/04/28,33.9,35.4,37.4,32.8,,,25593,20678,,,,
367,2014/04/23,,,,,,41.5,,,,,,
368,2014/04/21,33.8,35.3,37.3,32.7,,,25493,20578,,,,
369,2014/04/07,33.4,34.9,36.9,32.2,,,24993,20078,,,,
370,2014/04/02,,,,,,41.0,,,21408,23104,,
371,2014/03/31,33.7,35.2,37.2,32.6,,,25393,20478,,,,
372,2014/03/26,,,,,,40.7,,,,,,
373,2014/03/24,,,,32.4,,,25193,20278,,,,
374,2014/03/19,,,,,,41.0,,,,,,
375,2014/03/17,33.6,35.1,37.1,32.5,,,25293,20378,,,,
376,2014/03/12,,,,,,41.5,,,,,,
377,2014/03/10,,,,32.7,,,25493,20578,,,,
378,2014/03/03,33.9,35.4,37.4,,,,,,,,,
379,2014/03/02,,,,,,,,,21646,23259,,
380,2014/02/26,,,,,,42.0,,,,,,
381,2014/02/24,34.0,35.5,37.5,32.9,,,25693,20778,,,,
382,2014/02/17,33.8,35.3,37.3,32.7,,,25493,20578,,,,
383,2014/02/10,33.4,34.9,36.9,32.3,,,25093,20178,,,,
384,2014/02/07,,,,,,,,,21590,23222,,
385,2014/01/27,33.7,35.2,37.2,32.6,,,25393,20478,,,,
386,2014/01/20,33.4,34.9,36.9,32.2,,,24993,20078,,,,
387,2014/01/15,,,,,,41.0,,,,,,
388,2014/01/13,33.5,35.0,37.0,32.4,,,25193,20278,,,,
389,2014/01/08,,,,,,41.6,,,,,,
390,2014/01/06,33.9,35.4,37.4,32.8,,,25593,20678,,,,
391,2014/01/02,,,,,,,,,21328,23076,,
392,2014/01/01,,,,,,42.3,,,,,,
393,2013/12/30,34.3,35.8,37.8,33.2,,,25993,21078,,,,
394,2013/12/25,,,,,,41.8,,,,,,
395,2013/12/23,33.8,35.3,37.3,32.7,,,25493,20578,,,,
396,2013/12/18,,,,,,42.0,,,,,,
397,2013/12/16,33.6,35.1,37.1,32.5,,,25293,20378,,,,
398,2013/12/11,,,,,,42.5,,,,,,
399,2013/12/09,,,,32.9,,,25693,20778,,,,
400,2013/12/04,,,,,,42.0,,,,,,
401,2013/12/02,33.9,35.4,37.4,32.8,,,25593,20678,20852,22539,,
402,2013/11/25,33.5,35.0,37.0,32.3,,,25093,20178,,,,
403,2013/11/18,33.2,34.7,36.7,32.0,,,24793,19878,,,,
404,2013/11/13,,,,,,41.5,,,,,,
405,2013/11/11,32.9,34.4,36.4,31.7,,,24493,19578,,,,
406,2013/11/02,,,,,,,,,21168,22842,,
407,2013/10/30,,,,,,42.0,,,,,,
408,2013/10/28,33.4,34.9,36.9,32.2,,,24993,20078,,,,
409,2013/10/23,,,,,,42.5,,,,,,
410,2013/10/16,,,,,,42.0,,,,,,
411,2013/10/14,33.6,35.1,37.1,32.4,,,25193,20278,,,,
412,2013/10/07,33.3,34.8,36.8,32.2,,,24993,20078,,,,
413,2013/10/02,,,,,,41.5,,,21162,23108,,
414,2013/09/30,33.5,35.0,37.0,32.4,,,25193,20278,,,,
415,2013/09/25,,,,,,42.0,,,,,,
416,2013/09/23,33.9,35.4,37.4,32.8,,,25593,20678,,,,
417,2013/09/18,,,,,,42.5,,,,,,
418,2013/09/16,34.2,35.7,37.7,33.2,,,25993,21078,,,,
419,2013/09/09,34.5,36.0,38.0,33.5,,,26293,21378,,,,
420,2013/09/04,,,,,,43.0,,,,,,
421,2013/09/02,34.7,36.2,38.2,33.6,,,26393,21478,21202,22928,,
422,2013/08/26,34.0,35.5,37.5,32.9,,,25693,20778,,,,
423,2013/08/21,,,,,,42.0,,,,,,
424,2013/08/19,33.8,35.3,37.3,32.7,,,25493,20578,,,,
425,2013/08/12,33.5,35.0,37.0,32.3,,,25093,20178,,,,
426,2013/08/05,33.6,35.1,37.1,,,,,,,,,
427,2013/08/02,,,,,,,,,21158,22720,,
428,2013/07/22,33.5,35.0,37.0,32.4,,,25193,20278,,,,
429,2013/07/17,,,,,,41.5,,,,,,
430,2013/07/15,33.4,34.9,36.9,32.2,,,24993,20078,,,,
431,2013/07/10,,,,,,41.0,,,,,,
432,2013/07/08,32.9,34.4,36.4,31.7,,,24493,19578,,,,
433,2013/07/03,,,,,,40.5,,,,,,
434,2013/07/02,,,,,,,,,21780,23005,,
435,2013/07/01,32.5,34.0,36.0,31.3,,,24093,19178,,,,
436,2013/06/24,33.0,34.5,36.5,31.8,,,24593,19678,,,,
437,2013/06/19,,,,,,41.0,,,,,,
438,2013/06/17,32.8,34.3,36.3,31.5,,,24293,19378,,,,
439,2013/06/10,,,,31.2,,,23993,19078,,,,
440,2013/06/03,32.5,34.0,36.0,31.3,,,24093,19178,,,,
441,2013/06/02,,,,,,,,,21102,22462,,
442,2013/05/20,,,,31.4,,,24193,19278,,,,
443,2013/05/15,,,,,,40.5,,,,,,
444,2013/05/13,32.6,34.1,36.1,31.3,,,24093,19178,,,,
445,2013/05/02,,,,,,,,,21438,22863,,
446,2013/04/29,32.3,33.8,35.8,31.0,,,23793,18878,,,,
447,2013/04/24,,,,,,40.0,,,,,,
448,2013/04/22,32.0,33.5,35.5,30.7,,,23493,18578,,,,
449,2013/04/17,,,,,,40.5,,,,,,
450,2013/04/15,33.0,34.5,36.5,31.8,,,24593,19678,,,,
451,2013/04/08,33.6,35.1,37.1,,,,,,,,,
452,2013/04/02,,,,,,,,,22079,23539,,
453,2013/04/01,33.5,35.0,37.0,32.4,,,25193,20278,,,,
454,2013/03/25,33.3,34.8,36.8,32.2,,,24993,20078,,,,
455,2013/03/18,33.4,34.9,36.9,32.3,,,25093,20178,,,,
456,2013/03/13,,,,,,41.5,,,,,,
457,2013/03/11,33.5,35.0,37.0,32.4,,,25193,20278,,,,
458,2013/03/06,,,,,,42.0,,,,,,
459,2013/03/04,33.9,35.4,37.4,32.8,,,25593,20678,,,,
460,2013/03/02,,,,,,,,,22479,24078,,
461,2013/02/27,,,,,,43.0,,,,,,
462,2013/02/25,34.5,36.0,38.0,33.5,,,26293,21378,,,,
463,2013/02/20,,,,,,44.0,,,,,,
464,2013/02/18,34.9,36.4,38.4,33.8,,,26593,21678,,,,
465,2013/02/11,34.6,36.1,38.1,33.6,,,26393,21478,,,,
466,2013/02/06,,,,,,42.5,,,,,,
467,2013/02/04,34.2,35.7,37.7,33.1,,,25893,20978,,,,
468,2013/02/02,,,,,,,,,21518,23066,,
469,2013/01/28,33.6,35.1,37.1,32.5,,,25293,20378,,,,
470,2013/01/21,33.3,34.8,36.8,32.2,,,24993,20078,,,,
471,2013/01/07,33.5,35.0,37.0,32.3,,,25093,20178,,,,
472,2013/01/02,,,,,,,,,20748,22465,,
473,2012/12/31,33.3,34.8,36.8,32.1,,,24893,19978,,,,
474,2012/12/26,,,,,,41.5,,,,,,
475,2012/12/24,33.2,34.7,36.7,32.0,,,24793,19878,,,,
476,2012/12/19,,,,,,41.0,,,,,,
477,2012/12/17,32.9,34.4,36.4,31.8,,,24593,19678,,,,
478,2012/12/10,33.2,34.7,36.7,32.0,,,24793,19878,,,,
479,2012/12/03,33.5,35.0,37.0,32.3,,,25093,20178,,,,
480,2012/12/02,,,,,,,,,20874,22559,,
481,2012/11/26,33.6,35.1,37.1,32.4,,,25193,20278,,,,
482,2012/11/19,33.2,34.7,36.7,32.0,,,24793,19878,,,,
483,2012/11/14,,,,,,42.0,,,,,,
484,2012/11/12,33.0,34.5,36.5,31.8,,,24593,19678,,,,
485,2012/11/05,33.3,34.8,36.8,32.1,,,24893,19978,,,,
486,2012/11/02,,,,,,,,,22193,23676,,
487,2012/10/31,,,,,,42.5,,,,,,
488,2012/10/29,33.4,34.9,36.9,32.2,,,24993,20078,,,,
489,2012/10/22,34.0,35.5,37.5,32.9,,,25693,20778,,,,
490,2012/10/15,34.1,35.6,37.6,33.0,,,25793,20878,,,,
491,2012/10/02,,,,,,,,,23569,24858,,
492,2012/10/01,33.7,35.2,37.2,32.6,,,25393,20478,,,,
493,2012/09/26,,,,,,43.0,,,,,,
494,2012/09/24,34.0,35.5,37.5,32.9,,,25693,20778,,,,
495,2012/09/17,34.8,36.3,38.3,33.8,,,26593,21678,,,,
496,2012/09/10,34.7,36.2,38.2,33.6,,,26393,21478,,,,
497,2012/09/03,34.5,36.0,38.0,33.4,,,26193,21278,,,,
498,2012/09/02,,,,,,,,,23472,24566,,
499,2012/08/27,34.8,36.3,38.3,33.8,,,26593,21678,,,,
500,2012/08/22,,,,,,43.5,,,,,,
501,2012/08/20,34.5,36.0,38.0,33.4,,,26193,21278,,,,
502,2012/08/15,,,,,,42.5,,,,,,
503,2012/08/13,33.9,35.4,37.4,32.8,,,25593,20678,,,,
504,2012/08/08,,,,,,41.5,,,,,,
505,2012/08/06,33.1,34.6,36.6,31.9,,,24693,19778,,,,
506,2012/08/02,,,,,,,,,21708,22704,,
507,2012/07/30,32.8,34.3,36.3,31.6,,,24393,19478,,,,
508,2012/07/25,,,,,,41.0,,,,,,
509,2012/07/23,32.9,34.4,36.4,31.7,,,24493,19578,,,,
510,2012/07/16,32.0,33.5,35.5,30.7,,,23493,18578,,,,
511,2012/07/11,,,,,,40.0,,,,,,
512,2012/07/09,31.8,33.3,35.3,30.5,,,23293,18378,,,,
513,2012/07/02,30.8,32.3,34.3,29.4,,,22193,17278,20823,22032,,
514,2012/06/27,,,,,,39.0,,,,,,
515,2012/06/25,31.0,32.5,34.5,29.6,,,22393,17478,,,,
516,2012/06/18,31.4,32.9,34.9,30.3,,,23093,18178,,,,
517,2012/06/13,,,,,,39.5,,,,,,
518,2012/06/11,31.5,33.0,35.0,30.4,,,23193,18278,,,,
519,2012/06/06,,,,,,40.0,,,,,,
520,2012/06/04,32.0,33.5,35.5,31.0,,,23793,18878,,,,
521,2012/06/02,,,,,,,,,22259,23452,,
522,2012/05/28,32.2,33.7,35.7,31.2,,,23993,19078,,,,
523,2012/05/21,32.5,34.0,36.0,31.5,,,24293,19378,,,,
524,2012/05/16,,,,,,41.0,,,,,,
525,2012/05/14,32.6,34.1,36.1,31.7,,,24493,19578,,,,
526,2012/05/07,33.1,34.6,36.6,32.2,,,24993,20078,,,,
527,2012/05/02,,,,,,,,,23200,24371,,
528,2012/04/30,33.2,34.7,36.7,32.3,,,25093,20178,,,,
529,2012/04/23,33.3,34.8,36.8,32.4,,,25193,20278,,,,
530,2012/04/18,,,,,,42.0,,,,,,
531,2012/04/16,33.6,35.1,37.1,32.7,,,25493,20578,,,,
532,2012/04/09,33.9,35.4,37.4,33.0,,,25793,20878,,,,
533,2012/04/02,34.0,35.5,37.5,33.1,,,25893,20978,23527,23757,,
534,2012/03/26,31.7,32.4,33.9,29.9,,,22693,17778,,,,
535,2012/03/19,31.8,32.5,34.0,30.0,,,22793,17878,,,,
536,2012/03/12,31.7,32.4,33.9,29.9,,,22693,17778,,,,
537,2012/03/05,31.6,32.3,33.8,29.8,,,22593,17678,,,,
538,2012/03/02,,,,,,,,,21087,21812,,
539,2012/03/01,,,,,,43.0,,,,,,
540,2012/02/27,31.5,32.2,33.7,29.7,,,22493,17578,,,,
541,2012/02/22,,,,,,42.0,,,,,,
542,2012/02/20,31.2,31.9,33.4,29.4,,,22193,17278,,,,
543,2012/02/13,31.0,31.7,33.2,29.1,,,21893,16978,,,,
544,2012/02/06,,,,28.7,,,21493,16578,,,,
545,2012/02/02,,,,,,,,,21131,21758,,
546,2012/01/02,,,,,,,,,20313,21244,,
547,2011/12/21,,,,,,41.5,,,,,,
548,2011/12/19,30.6,31.3,32.8,28.8,,,21593,16678,,,,
549,2011/12/12,30.9,31.6,33.1,29.1,,,21893,16978,,,,
550,2011/12/05,31.0,31.7,33.2,29.2,,,21993,17078,,,,
551,2011/12/02,,,,,,,,,20653,21562,,
552,2011/11/28,30.9,31.6,33.1,29.1,,,21893,16978,,,,
553,2011/11/21,31.2,31.9,33.4,29.4,,,22193,17278,,,,
554,2011/11/16,,,,,,42.5,,,,,,
555,2011/11/14,31.3,32.0,33.5,29.5,,,22293,17378,,,,
556,2011/11/07,30.9,31.6,33.1,29.0,,,21793,16878,,,,
557,2011/11/02,,,,,,,,,20121,21102,,
558,2011/10/26,,,,,,42.0,,,,,,
559,2011/10/24,31.1,31.8,33.3,29.2,,,21993,17078,,,,
560,2011/10/17,31.0,31.7,33.2,29.1,,,21893,16978,,,,
561,2011/10/10,30.6,31.3,32.8,28.6,,,21393,16478,,,,
562,2011/10/03,30.9,31.6,33.1,28.9,,,21693,16778,,,,
563,2011/10/02,,,,,,,,,19859,20975,,
564,2011/09/07,,,,,,41.0,,,,,,
565,2011/09/05,31.2,31.9,33.4,29.2,,,21993,17078,,,,
566,2011/09/02,,,,,,,,,19539,20714,,
567,2011/08/29,30.9,31.6,33.1,28.9,,,21693,16778,,,,
568,2011/08/22,30.8,31.5,33.0,28.8,,,21593,16678,,,,
569,2011/08/15,30.6,31.3,32.8,28.6,,,21393,16478,,,,
570,2011/08/10,,,,,,40.5,,,,,,
571,2011/08/08,31.2,31.9,33.4,29.2,,,21993,17078,,,,
572,2011/08/02,,,,,,,,,19765,20946,,
573,2011/07/27,,,,,,41.5,,,,,,
574,2011/07/25,,,,29.6,,,22393,17478,,,,
575,2011/07/18,31.5,32.2,33.7,29.5,,,22293,17378,,,,
576,2011/07/13,,,,,,41.0,,,,,,
577,2011/07/11,31.2,31.9,33.4,29.2,,,21993,17078,,,,
578,2011/07/04,30.9,31.6,33.1,28.9,,,21693,16778,,,,
579,2011/07/02,,,,,,,,,19572,20867,,
580,2011/06/29,,,,,,40.0,,,,,,
581,2011/06/27,31.1,31.8,33.3,29.1,,,21893,16978,,,,
582,2011/06/13,31.6,32.3,33.8,29.6,,,22393,17478,,,,
583,2011/06/06,31.5,32.2,33.7,29.5,,,22293,17378,,,,
584,2011/06/02,,,,,,,,,19391,20836,,
585,2011/05/30,,,,29.4,,,22193,17278,,,,
586,2011/05/23,31.4,32.1,33.6,29.3,,,22093,17178,,,,
587,2011/05/18,,,,,,41.5,,,,,,
588,2011/05/16,31.5,32.2,33.7,29.5,,,22293,17378,,,,
589,2011/05/11,,,,,,42.5,,,,,,
590,2011/05/09,31.9,32.6,34.1,29.9,,,22693,17778,,,,
591,2011/05/02,32.5,33.2,34.7,30.5,,,23293,18378,20050,21445,,
592,2011/04/25,32.4,33.1,34.6,30.4,,,23193,18278,,,,
593,2011/04/18,32.5,33.2,34.7,30.5,,,23293,18378,,,,
594,2011/04/13,,,,,,43.5,,,,,,
595,2011/04/11,32.4,33.1,34.6,30.4,,,23193,18278,,,,
596,2011/04/07,,,,,,43.0,,,,,,
597,2011/04/04,32.0,32.7,34.2,,,,,,,,,
598,2011/04/02,,,,,,,,,19605,21015,,
599,2011/03/28,32.1,32.8,34.3,30.0,,,22793,17878,,,,
600,2011/03/21,31.9,32.6,34.1,29.8,,,22593,17678,,,,
601,2011/03/09,,,,,,42.5,,,,,,
602,2011/03/07,32.1,32.8,34.3,30.0,,,22793,17878,,,,
603,2011/03/02,,,,,,42.0,,,18953,20205,,
604,2011/02/28,31.8,32.5,34.0,29.7,,,22493,17578,,,,
605,2011/02/23,,,,,,40.0,,,,,,
606,2011/02/21,31.1,31.8,33.3,28.9,,,21693,16778,,,,
607,2011/02/16,,,,,,39.5,,,,,,
608,2011/01/31,30.8,31.5,33.0,28.6,,,21393,16478,,,,
609,2011/01/17,31.0,31.7,33.2,28.8,,,21593,16678,,,,
610,2011/01/10,30.9,31.6,33.1,28.7,,,21493,16578,,,,
611,2011/01/02,,,,,,,,,18248,19541,,
612,2010/12/27,30.8,31.5,33.0,28.6,,,21393,16478,,,,
613,2010/12/20,30.6,31.3,32.8,28.4,,,21193,16278,,,,
614,2010/12/15,,,,,,39.0,,,,,,
615,2010/12/13,30.5,31.2,32.7,28.3,,,21093,16178,,,,
616,2010/12/08,,,,,,38.5,,,,,,
617,2010/12/06,30.1,30.8,32.3,27.9,,,20693,15778,,,,
618,2010/12/02,,,,,,,,,17778,19044,,
619,2010/11/29,29.8,30.5,32.0,27.5,,,20293,15378,,,,
620,2010/11/24,,,,,,37.5,,,,,,
621,2010/11/22,29.9,30.6,32.1,27.6,,,20393,15478,,,,
622,2010/11/17,,,,,,38.0,,,,,,
623,2010/11/15,30.3,31.0,32.5,28.1,,,20893,15978,,,,
624,2010/11/10,,,,,,37.5,,,,,,
625,2010/11/08,29.8,30.5,32.0,27.6,,,20393,15478,,,,
626,2010/11/02,,,,,,,,,17201,18479,,
627,2010/11/01,29.4,30.1,31.6,27.1,,,19893,14978,,,,
628,2010/10/27,,,,,,37.0,,,,,,
629,2010/10/25,29.3,30.0,31.5,27.0,,,19793,14878,,,,
630,2010/10/18,29.6,30.3,31.8,27.3,,,20093,15178,,,,
631,2010/10/11,29.7,30.4,31.9,27.4,,,20193,15278,,,,
632,2010/10/06,,,,,,37.5,,,,,,
633,2010/10/04,,,,26.7,,,19493,14578,,,,
634,2010/10/02,,,,,,,,,16575,17803,,
635,2010/09/27,29.0,29.7,31.2,26.6,,,19393,14478,,,,
636,2010/09/15,,,,,,37.0,,,,,,
637,2010/09/13,28.8,29.5,31.0,26.4,,,19193,14278,,,,
638,2010/09/06,28.6,29.3,30.8,26.2,,,18993,14078,,,,
639,2010/09/02,,,,,,,,,16943,18135,,
640,2010/08/30,28.2,28.9,30.4,25.7,,,18493,13578,,,,
641,2010/08/23,28.5,29.2,30.7,26.1,,,18893,13978,,,,
642,2010/08/18,,,,,,36.5,,,,,,
643,2010/08/16,29.0,29.7,31.2,26.6,,,19393,14478,,,,
644,2010/08/11,,,,,,37.5,,,,,,
645,2010/08/09,29.6,30.3,31.8,27.2,,,19993,15078,,,,
646,2010/08/02,28.8,29.5,31.0,26.4,,,19193,14278,16758,17907,,
647,2010/07/19,28.7,29.4,30.9,26.3,,,19093,14178,,,,
648,2010/07/14,,,,,,36.5,,,,,,
649,2010/07/12,28.2,28.9,30.4,25.7,,,18493,13578,,,,
650,2010/07/07,,,,,,35.5,,,,,,
651,2010/07/05,28.6,29.3,30.8,26.2,,,18993,14078,,,,
652,2010/07/02,,,,,,,,,16473,17705,,
653,2010/06/28,,,,26.6,,,19393,14478,,,,
654,2010/06/23,,,,,,36.5,,,,,,
655,2010/06/21,29.0,29.7,31.2,26.7,,,19493,14578,,,,
656,2010/06/14,28.5,29.2,30.7,26.1,,,18893,13978,,,,
657,2010/06/07,28.6,29.3,30.8,26.2,,,18993,14078,,,,
658,2010/06/02,,,,,,,,,17181,18493,,
659,2010/05/31,27.9,28.6,30.1,25.4,,,18193,13278,,,,
660,2010/05/26,,,,,,35.5,,,,,,
661,2010/05/24,28.4,29.1,30.6,25.9,,,18693,13778,,,,
662,2010/05/19,,,,,,37.0,,,,,,
663,2010/05/17,29.5,30.2,31.7,27.3,,,20093,15178,,,,
664,2010/05/10,29.8,30.5,32.0,27.6,,,20393,15478,,,,
665,2010/05/03,30.0,30.7,32.2,27.8,,,20593,15678,,,,
666,2010/05/02,,,,,,,,,17808,18935,,
667,2010/04/21,,,,,,38.0,,,,,,
668,2010/04/19,29.8,30.5,32.0,,,,,,,,,
669,2010/04/12,29.7,30.4,31.9,27.5,,,20293,15378,,,,
670,2010/04/05,29.0,29.7,31.2,26.6,,,19393,14478,,,,
671,2010/04/02,,,,,,,,,16727,17875,,
672,2010/03/15,28.7,29.4,30.9,26.3,,,19093,14178,,,,
673,2010/03/10,,,,,,37.0,,,,,,
674,2010/03/08,28.5,29.2,30.7,26.1,,,18893,13978,,,,
675,2010/03/02,,,,,,,,,16503,17625,,
676,2010/03/01,28.1,28.8,30.3,25.7,,,18493,13578,,,,
677,2010/02/13,27.9,28.6,30.1,25.5,,,18293,13378,,,,
678,2010/02/10,28.6,29.3,30.8,26.1,,,18893,13978,,,,
679,2010/02/09,29.0,29.7,31.2,26.5,,,19293,14378,,,,
680,2010/02/08,29.1,29.8,31.3,26.6,,,19393,14478,,,,
681,2010/02/02,,,,,,,,,16535,18114,,
682,2010/02/01,28.8,29.5,31.0,26.3,,,19093,14178,,,,
683,2010/01/25,29.5,30.2,31.7,27.0,,,19793,14878,,,,
684,2010/01/11,30.1,30.8,32.3,27.7,,,20493,15578,,,,
685,2010/01/02,30.0,30.7,32.2,27.6,,,20393,15478,16257,17832,,
686,2009/12/26,29.2,29.9,31.4,26.8,,,19593,14678,,,,
687,2009/12/19,29.1,29.8,31.3,26.6,,,19393,14478,,,,
688,2009/12/16,,,,,,36.5,,,,,,
689,2009/12/12,29.8,30.5,32.0,27.4,,,20193,15278,,,,
690,2009/12/05,30.3,31.0,32.5,27.9,,,20693,15778,,,,
691,2009/12/02,,,,,,,,,16443,18031,,
692,2009/11/28,30.0,30.7,32.2,27.6,,,20393,15478,,,,
693,2009/11/21,30.1,30.8,32.3,27.7,,,20493,15578,,,,
694,2009/11/14,30.2,30.9,32.4,27.8,,,20593,15678,,,,
695,2009/11/07,30.1,30.8,32.3,27.6,,,20393,15478,,,,
696,2009/11/02,,,,,,,,,15316,16767,,
697,2009/10/31,29.5,30.2,31.7,26.6,,,19393,14478,,,,
698,2009/10/28,,,,,,37.0,,,,,,
699,2009/10/24,29.7,30.4,31.9,26.7,,,19493,14578,,,,
700,2009/10/21,,,,,,35.5,,,,,,
701,2009/10/17,28.8,29.5,31.0,26.3,,,19093,14178,,,,
702,2009/10/14,,,,,,34.0,,,,,,
703,2009/10/10,28.1,28.8,30.3,25.5,,,18293,13378,,,,
704,2009/10/07,,,,,,33.5,,,,,,
705,2009/10/03,27.6,28.3,29.8,25.0,,,17793,12878,,,,
706,2009/10/02,,,,,,,,,14903,16496,,
707,2009/09/26,,,,25.7,,,18493,13578,,,,
708,2009/09/12,28.3,29.0,30.5,25.8,,,18593,13678,,,,
709,2009/09/09,,,,,,34.5,,,,,,
710,2009/09/05,28.6,29.3,30.8,26.1,,,18893,13978,,,,
711,2009/09/02,,,,,,,,,15039,16574,,
712,2009/08/29,29.0,29.7,31.2,26.5,,,19293,14378,,,,
713,2009/08/22,28.7,29.4,30.9,26.2,,,18993,14078,,,,
714,2009/08/12,,,,,,35.5,,,,,,
715,2009/08/05,,,,,,34.5,,,,,,
716,2009/08/02,,,,,,,,,14653,16065,,
717,2009/08/01,28.3,29.0,30.5,25.7,,,18493,13578,,,,
718,2009/07/29,,,,,,34.0,,,,,,
719,2009/07/25,27.6,28.3,29.8,25.0,,,17793,12878,,,,
720,2009/07/18,27.0,27.7,29.2,24.3,,,17093,12178,,,,
721,2009/07/15,,,,,,33.0,,,,,,
722,2009/07/11,27.4,28.1,29.6,24.8,,,17593,12678,,,,
723,2009/07/04,28.6,29.3,30.8,26.1,,,18893,13978,,,,
724,2009/07/02,,,,,,,,,13986,15381,,
725,2009/07/01,,,,,,34.5,,,,,,
726,2009/06/27,28.3,29.0,30.5,25.5,,,18293,13378,,,,
727,2009/06/20,28.0,28.7,30.2,25.0,,,17793,12878,,,,
728,2009/06/17,,,,,,35.0,,,,,,
729,2009/06/13,27.3,28.0,29.5,24.1,,,16893,11978,,,,
730,2009/06/10,,,,,,33.5,,,,,,
731,2009/06/06,27.0,27.7,29.2,23.9,,,16693,11778,,,,
732,2009/06/03,,,,,,31.5,,,,,,
733,2009/06/02,,,,,,,,,11818,13370,,
734,2009/05/30,26.5,27.2,28.7,23.6,,,16393,11478,,,,
735,2009/05/27,,,,,,31.0,,,,,,
736,2009/05/23,26.1,26.8,28.3,23.4,,,16193,11278,,,,
737,2009/05/20,,,,,,30.5,,,,,,
738,2009/05/16,26.0,26.7,28.2,23.2,,,15993,11078,,,,
739,2009/05/13,,,,,,30.0,,,,,,
740,2009/05/09,25.4,26.1,27.6,22.6,,,15393,10478,,,,
741,2009/05/02,24.5,25.2,26.7,21.6,,,14393,9478,11009,12888,,
742,2009/04/25,24.6,25.3,26.8,21.7,,,14493,9578,,,,
743,2009/04/18,24.9,25.6,27.1,22.2,,,14993,10078,,,,
744,2009/04/11,24.8,25.5,27.0,22.1,,,14893,9978,,,,
745,2009/04/09,,,,,,29.5,,,,,,
746,2009/04/04,24.2,24.9,26.4,21.4,,,14193,9278,,,,
747,2009/04/02,,,,,,30.0,,,9976,11375,,
748,2009/03/28,24.4,25.1,26.6,21.7,,,14493,9578,,,,
749,2009/03/26,,,,,,29.0,,,,,,
750,2009/03/21,23.3,24.0,25.5,20.5,,,13293,8378,,,,
751,2009/03/19,,,,,,27.0,,,,,,
752,2009/03/14,23.0,23.7,25.2,20.2,,,12993,8078,,,,
753,2009/03/07,23.1,23.8,25.3,20.3,,,13093,8178,,,,
754,2009/03/02,,,,,,,,,10414,11457,,
755,2009/02/26,,,,,,27.5,,,,,,
756,2009/02/21,22.6,23.3,24.8,19.7,,,12493,7578,,,,
757,2009/02/19,,,,,,28.0,,,,,,
758,2009/02/14,22.8,23.5,25.0,20.0,,,12793,7878,,,,
759,2009/02/12,,,,,,28.5,,,,,,
760,2009/02/07,22.4,23.1,24.6,19.5,,,12293,7378,9702,11043,,
761,2009/01/24,22.1,22.8,24.3,,,,,,,,,
762,2009/01/22,,,,,,29.5,,,,,,
763,2009/01/17,,,,19.3,,,12093,7178,,,,
764,2009/01/10,22.2,22.9,24.4,19.5,,,12293,7378,,,,
765,2009/01/08,,,,,,30.5,,,,,,
766,2009/01/03,20.3,21.0,22.5,17.0,,,9793,4878,,,,
767,2009/01/02,,,,,,,,,9029,10034,,
768,2008/12/27,20.4,21.1,22.6,17.1,,,9893,4978,,,,
769,2008/12/20,20.8,21.5,23.0,17.5,,,10293,5378,,,,
770,2008/12/13,20.1,20.8,22.3,16.8,,,9593,4678,,,,
771,2008/12/11,,,,,,29.5,,,,,,
772,2008/12/06,20.5,21.2,22.7,17.2,,,9993,5078,,,,
773,2008/12/04,,,,,,31.5,,,,,,
774,2008/12/02,,,,,,,,,9595,11092,,
775,2008/11/29,20.6,21.3,22.8,17.3,,,10093,5178,,,,
776,2008/11/22,20.7,21.4,22.9,17.4,,,10193,5278,,,,
777,2008/11/20,,,,,,34.5,,,,,,
778,2008/11/15,21.7,22.4,23.9,18.5,,,11293,6378,,,,
779,2008/11/13,,,,,,36.5,,,,,,
780,2008/11/08,,,,19.9,,,12693,7778,,,,
781,2008/11/02,,,,,,,,,15397,16717,,
782,2008/11/01,23.0,23.7,25.2,20.0,,,12793,7878,,,,
783,2008/10/30,,,,,,37.5,,,,,,
784,2008/10/25,23.8,24.5,26.0,20.8,,,13593,8678,,,,
785,2008/10/23,,,,,,38.5,,,,,,
786,2008/10/18,25.2,25.9,27.4,22.3,,,15093,10178,,,,
787,2008/10/16,,,,,,40.5,,,,,,
788,2008/10/11,27.2,27.9,29.4,24.5,,,17293,12378,,,,
789,2008/10/09,,,,,,41.5,,,,,,
790,2008/10/04,29.5,30.2,31.7,27.0,,,19793,14878,,,,
791,2008/10/02,,,,,,43.5,,,19913,20976,,
792,2008/09/27,30.1,30.8,32.3,27.7,,,20493,15578,,,,
793,2008/09/25,,,,,,45.5,,,,,,
794,2008/09/20,29.0,29.7,31.2,26.4,,,19193,14278,,,,
795,2008/09/18,,,,,,45.0,,,,,,
796,2008/09/13,30.6,31.3,32.8,28.2,,,20993,16078,,,,
797,2008/09/11,,,,,,47.0,,,,,,
798,2008/09/06,31.9,32.6,34.1,29.6,,,22393,17478,,,,
799,2008/09/04,,,,,,48.0,,,,,,
800,2008/08/30,32.8,33.5,35.0,30.6,,,23393,18478,,,,
801,2008/08/23,32.3,33.0,34.5,30.1,,,22893,17978,,,,
802,2008/08/21,,,,,,50.0,,,,,,
803,2008/08/16,32.5,33.2,34.7,30.3,,,23093,18178,,,,
804,2008/08/14,,,,,,51.0,,,,,,
805,2008/08/09,33.4,34.1,35.6,31.3,,,24093,19178,,,,
806,2008/08/08,,,,,,,,,20913,22333,,
807,2008/08/07,,,,,,52.5,,,,,,
808,2008/07/31,,,,,,53.7,,,,,,
809,2008/07/24,,,,,,54.7,,,,,,
810,2008/07/03,,,,,,55.7,,,,,,
811,2008/07/02,35.4,36.1,37.6,33.5,,,26293,21378,19413,20483,19053,
812,2008/06/12,,,,,,54.5,,,,,,
813,2008/06/05,,,,,,53.5,,,,,,
814,2008/05/29,,,,,,55.0,,,,,,
815,2008/05/28,33.9,34.6,36.1,31.9,,,24693,19778,18208,18928,17848,
816,2008/05/22,,,,,,52.5,,,,,,
817,2008/05/15,,,,,,51.0,,,,,,
818,2008/05/08,,,,,,46.5,,,,,,
819,2008/04/24,,,,,,46.0,,,,,,
820,2008/04/17,,,,,,45.0,,,,,,
821,2008/04/10,,,,,,44.5,,,,,,
822,2008/03/27,,,,,,42.0,,,,,,
823,2008/03/20,,,,,,44.0,,,,,,
824,2008/03/13,,,,,,43.0,,,,,,
825,2008/03/06,,,,,,41.0,,,,,,
826,2008/02/21,,,,,,40.0,,,,,,
827,2008/01/31,,,,,,38.5,,,,,,
828,2008/01/24,,,,,,38.0,,,,,,
829,2008/01/17,,,,,,39.0,,,,,,
830,2008/01/03,,,,,,40.0,,,,,,
831,2007/12/06,,,,,,39.0,,,,,,
832,2007/11/29,,,,,,40.5,,,,,,
833,2007/11/08,,,,,,39.5,,,,,,
834,2007/11/02,30.0,30.7,32.2,27.5,,,20293,15378,,,,
835,2007/11/01,,,,,,37.5,,,,,,
836,2007/10/18,,,,,,36.5,,,,,,
837,2007/10/02,29.1,29.8,31.3,26.6,,,19393,14696,,,,
838,2007/09/20,,,,,,35.5,,,,,,
839,2007/09/13,,,,,,34.5,,,,,,
840,2007/09/02,27.8,28.5,30.0,25.2,,,17993,13635,14708,15158,14348,
841,2007/08/15,28.4,29.1,30.6,25.9,,,18693,14165,,,,
842,2007/08/09,,,,,,33.5,,,,,,
843,2007/07/25,29.1,29.8,31.3,26.6,,,19393,14695,,,,
844,2007/07/18,29.0,29.7,31.2,26.4,,,19193,14543,,,,
845,2007/07/12,,,,,,34.0,,,,,,
846,2007/07/11,28.6,29.3,30.8,26.0,,,18793,14240,,,,
847,2007/07/04,28.3,29.0,30.5,25.8,,,18593,14088,,,,
848,2007/07/03,,,,,,,,,14029,14479,13669,
849,2007/06/21,,,,,,33.5,,,,,,
850,2007/06/20,27.9,28.6,30.1,25.3,,,18093,13709,,,,
851,2007/06/13,,,,24.6,,,17393,13179,,,,
852,2007/06/06,27.3,28.0,29.5,24.7,,,17493,13255,,,,
853,2007/05/30,27.1,27.8,29.3,24.4,,,17193,13028,,,,
854,2007/05/24,,,,,,33.0,,,,,,
855,2007/05/23,27.4,28.1,29.6,24.7,,,17493,13255,,,,
856,2007/05/17,,,,,,32.5,,,,,,
857,2007/05/16,26.6,27.3,28.8,23.8,,,16593,12573,,,,
858,2007/05/09,26.3,27.0,28.5,23.6,,,16393,12421,,,,
859,2007/05/03,,,,,,33.0,,,,,,
860,2007/05/02,,,,,,,,,13508,13958,13148,
861,2007/04/25,27.3,28.0,29.5,24.6,,,17393,13179,,,,
862,2007/04/18,26.8,27.5,29.0,24.0,,,16793,12724,,,,
863,2007/04/11,26.3,27.0,28.5,23.6,,,16393,12421,,,,
864,2007/04/04,27.3,28.0,29.5,24.6,,,17393,13179,,,,
865,2007/04/03,,,,,,32.5,,,12600,13050,12240,
866,2007/03/28,26.9,27.6,29.1,23.9,,,16693,12649,,,,
867,2007/03/21,25.6,26.3,27.8,22.4,,,15193,11512,,,,
868,2007/03/14,26.1,26.8,28.3,23.0,,,15793,11967,,,,
869,2007/03/13,,,,,,31.5,,,,,,
870,2007/03/07,26.3,27.0,28.5,23.2,,,15993,12119,,,,
871,2007/03/04,,,,,,,,,,,,
872,2007/03/02,,,,,,,,,12100,12550,11740,
873,2007/03/01,,,,,,31.0,,,,,,
874,2007/02/28,26.6,27.3,28.8,23.5,,,16293,12346,,,,
875,2007/02/14,25.8,26.5,28.0,22.7,,,15493,11740,,,,
876,2007/02/07,26.0,26.7,28.2,22.9,,,15693,11892,,,,
877,2007/02/05,,,,,,30.5,,,,,,
878,2007/02/02,,,,,,,,,12171,12621,11811,12336
879,2007/01/31,25.0,25.7,27.2,21.8,,,14593,11058,,,,
880,2007/01/24,24.4,25.1,26.6,21.1,,,13893,10528,,,,
881,2007/01/17,24.8,25.5,27.0,21.6,,,14393,10907,,,,
882,2007/01/16,,,,,,30.0,,,,,,
883,2007/01/10,25.4,26.1,27.6,22.3,,,15093,11437,,,,
884,2007/01/04,,,,,,31.0,,,,,,
885,2007/01/03,26.5,27.2,28.7,23.4,,,16193,12271,,,,
886,2007/01/01,,,,,,,,,,,,
887,2006/12/27,26.9,27.6,29.1,,,,,,,,,
888,2006/12/20,27.0,27.7,29.2,23.7,,,16493,12498,,,,
889,2006/12/13,26.7,27.4,28.9,23.5,,,16293,12346,,,,
890,2006/12/12,,,,,,31.5,,,,,,
891,2006/12/06,27.0,27.7,29.2,23.8,,,16593,12573,,,,
892,2006/12/01,,,,,,31.2,,,,,,
893,2006/11/29,26.5,27.2,28.7,23.3,,,16093,12194,,,,
894,2006/11/22,25.4,26.1,27.6,22.1,,,14893,11285,,,,
895,2006/11/15,26.0,26.7,28.2,22.7,,,15493,11739,,,,
896,2006/11/08,26.3,27.0,28.5,23.1,,,15893,12042,,,,
897,2006/11/01,25.9,26.6,28.1,22.6,,31.0,15393,11663,,,,
898,2006/10/25,25.6,26.3,27.8,22.3,,,15093,11436,,,,
899,2006/10/11,26.3,27.0,28.5,23.1,,,15893,12042,,,,
900,2006/09/29,,,,,,,16093,12194,,,,
901,2006/09/27,,,,,,32.0,,,,,,
902,2006/09/26,26.5,27.2,28.7,23.3,,,,,,,,
903,2006/09/19,,,,,,33.5,,,,,,
904,2006/09/14,27.4,28.1,29.6,24.2,,,16993,12876,,,,
905,2006/08/13,,,,,,,,,,,,
906,2006/08/09,,,,,,35.0,,,,,,
907,2006/07/07,27.9,28.6,30.1,24.5,,,17293,13103,12450,12900,12090,12615
908,2006/06/05,,,,,,33.5,,,,,,
909,2006/04/25,,,,,,34.5,,,,,,
910,2006/04/19,26.9,27.6,29.1,23.5,28.0,,16293,12345,10450,10900,10090,10615
911,2006/04/13,,,,,,33.0,,,,,,
912,2006/04/06,,,,,,32.0,,,,,,
913,2006/03/09,,,,,,31.0,,,,,,
914,2006/02/14,24.9,25.6,27.1,21.5,26.0,,14293,10830,9710,10160,9350,9875
915,2005/12/16,,,,,,30.3,,,,,,
916,2005/12/01,,,,,,28.8,,,,,,
917,2005/10/24,23.9,24.6,26.1,,25.0,,,,,,,
918,2005/10/06,,,,,,30.8,,,,,,
919,2005/09/01,,,,,,28.1,,,,,,
920,2005/08/15,,,,,,26.1,,,,,,
921,2005/08/02,24.7,25.4,26.9,20.5,25.8,,13626,10325,9250,9700,8890,9415
922,2005/08/01,,,,,,25.1,,,,,,
923,2005/06/15,,,,,,24.8,,,,,,
924,2005/05/31,,,,,,24.0,,,,,,
925,2005/05/17,,,,,,24.5,,,,,,
926,2005/04/08,,,,,,24.8,,,,,,
927,2005/03/15,,,,,,,,9188,,,,
928,2005/03/14,,,,,,23.8,,,,,,
929,2005/03/10,23.2,23.9,25.4,19.0,24.3,,12126,9431,8650,9100,8290,8815
930,2005/03/03,,,,,,22.5,,,,,,
931,2005/02/21,,,,,,21.8,,,,,,
932,2005/01/21,,,,,,22.2,,,,,,
933,2005/01/14,,,,,,22.5,,,,,,
934,2005/01/13,,,,,,,11126,8431,,,,
935,2005/01/08,,,,,,,11626,8931,,,,
936,2005/01/06,,,,,,,,,8350,8800,7990,8515
937,2004/12/30,22.2,22.9,24.4,,23.3,,,,,,,
938,2004/12/15,,,,,,23.0,,,,,,
939,2004/12/08,,,,,,23.7,,,,,,
940,2004/11/11,,,,,,24.3,,,,,,
941,2004/10/06,,,,,,23.8,,,,,,
942,2004/09/23,,,,,,23.0,,,,,,
943,2004/09/22,22.5,23.2,24.7,18.0,23.6,,11876,9181,8550,9000,8190,8715
944,2004/09/16,,,,,,22.5,,,,,,
945,2004/09/02,,,,,,22.2,,,,,,
946,2004/08/23,,,,,,22.7,,,,,,
947,2004/08/10,,,,,,22.2,,,,,,
948,2004/08/03,,,,,,21.7,10876,8734,,,,
949,2004/07/23,,,,,,,10376,8234,,,,
950,2004/07/16,21.9,22.6,24.1,17.0,23.0,,,,,,,
951,2004/07/15,,,,,,,,,8350,8800,7990,8515
952,2004/07/14,,,,,,21.2,,,,,,
953,2004/07/13,,,,,,,9876,7734,,,,
954,2004/06/08,,,,,,20.4,,,,,,
955,2004/05/17,,,,,,19.7,,,,,,
956,2004/03/25,21.5,22.2,23.7,16.5,22.6,,9576,7434,8150,8600,7790,8315
957,2004/02/07,,,,,,,,,7950,8400,7590,8115
958,2004/01/17,,,,,,,9426,7284,,,,
959,2004/01/16,20.9,21.6,23.1,15.9,22.0,19.1,,,,,,
960,2004/01/09,,,,,,,8991,6849,,,,
961,2004/01/08,,,,,,18.3,,,,,,
962,2004/01/07,20.1,20.8,22.3,15.1,21.2,,,,,,,
963,2003/12/26,,,,,,,8696,6554,,,,
964,2003/12/19,,,,,,17.5,,,,,,
965,2003/12/17,19.6,20.3,21.8,14.9,20.7,,,,,,,
966,2003/12/11,,,,,,17.0,,,,,,
967,2003/12/05,,,,,,,8401,6259,,,,
968,2003/11/14,,,,,,16.7,,,,,,
969,2003/11/01,19.1,19.8,21.3,14.6,20.2,,,,,,,
970,2003/10/03,,,,,,,,,7750,8200,7390,7915
971,2003/09/29,,,,,,16.1,,,,,,
972,2003/09/20,19.6,20.3,21.8,14.8,20.7,,,,7850,8300,7490,8015
973,2003/08/16,,,,,,,8106,5964,,,,
974,2003/08/15,,,,,,16.5,,,,,,
975,2003/08/09,20.1,20.8,22.3,15.0,21.2,,,,,,,
976,2003/07/31,,,,,,,,,8050,8500,7690,8215
977,2003/07/10,,,,,,,,,8350,8800,7990,8515
978,2003/07/08,,,,14.2,,,7811,5669,,,,
979,2003/07/07,,,,,,16.4,,,,,,
980,2003/05/10,,,,,,,8960,,,,,
981,2003/04/19,,,,,,,,,7850,8300,7490,8015
982,2003/04/15,,,,,,17.4,,,,,,
983,2003/04/14,19.1,19.8,21.3,15.4,20.2,,,,,,,
984,2003/04/09,,,,,,,9223,,,,,
985,2003/04/04,19.9,20.6,21.9,16.0,21.0,18.2,,,8250,8700,7890,8415
986,2003/03/25,,,,,,,9807,,,,,
987,2003/03/12,,,,,,19.4,,,,,,
988,2003/02/25,,,,,,,,,8850,9300,8390,8915
989,2003/02/22,20.9,21.6,22.9,16.5,22.0,,,,,,,
990,2003/02/20,,,,,,18.2,,,,,,
991,2003/02/12,,,,,,,10111,6474,,,,
992,2003/02/08,,,,,,17.6,9613,6155,,,,
993,2003/01/23,,,,,,17.0,,,,,,
994,2003/01/10,,,,,,16.5,,,,,,
995,2003/01/09,20.1,20.8,22.1,15.8,21.2,,10011,6410,8250,8700,7790,8315
996,2002/12/28,19.6,20.3,21.6,15.6,20.7,,9821,6288,,,,
997,2002/10/26,19.3,20.0,21.3,15.4,20.4,,9630,6166,8050,8502,7594,8115
998,2002/10/02,,,,,,16.1,,,,,,
999,2002/09/27,18.5,19.6,20.9,14.4,19.6,,8678,5557,,,,
1000,2002/09/20,,,,,,,,,7850,8302,7394,7915
1001,2002/08/23,,,,,,15.5,,,,,,
1002,2002/08/20,18.1,19.2,20.5,13.8,19.2,15.0,8107,5191,7400,8002,6894,7615
1003,2002/07/02,,,,,,,,,7220,7822,6714,
1004,2002/06/01,17.1,18.2,19.5,13.3,18.2,,7616,4877,,,,
1005,2002/04/10,18.1,19.2,20.5,13.8,18.6,,7916,5069,6820,7695,6414,7435
1006,2001/12/15,,,,,,,,,6620,7495,6214,7235
1007,2001/12/08,17.1,18.2,19.4,13.3,17.4,,7345,4703,,,,
1008,2001/11/17,18.1,19.2,20.4,13.8,,,8011,5129,,,,
1009,2001/11/08,,,,,,,,,6820,7695,6314,7335
1010,2001/07/11,,,,,,,,,7140,8056,6610,7679
1011,2001/07/04,,,,,,15.6,,,,,,
1012,2001/06/29,18.4,19.5,20.7,14.1,18.4,,,,,,,
1013,2001/05/15,,,,,,,,,7296,8232,6767,7861
1014,2001/04/05,18.9,20.0,21.2,14.3,18.9,,8106,5190,7052,8061,6521,7689
1015,2001/04/03,,,,,,15.8,,,,,,
1016,2001/03/01,,,,,,,,,7288,8316,6768,7952
1017,2001/02/20,,,,,,16.2,,,,,,
1018,2001/02/01,,,,,,,,,7414,8404,6889,8037
1019,2000/11/03,19.2,20.2,21.2,14.6,19.2,,8392,5373,,,,
1020,2000/10/27,19.5,20.5,21.5,14.9,19.5,16.6,8678,5556,,,,
1021,2000/10/20,,,,,,,,,7623,9217,7077,9004
1022,2000/09/27,19.2,20.2,21.2,14.7,19.2,,8487,5434,,,,
1023,2000/09/21,,,,,,16.2,,,,,,
1024,2000/09/20,19.6,20.6,21.6,14.9,19.6,,8678,5556,,,,
1025,2000/09/14,,,,,,,,,7235,8887,6690,8682
1026,2000/08/02,18.3,19.3,20.3,14.3,18.3,15.2,8106,5190,6791,8887,6287,8682
1027,2000/06/21,18.6,19.6,20.6,14.5,18.6,15.6,8297,5312,6860,8977,6351,8770
1028,2000/05/17,,,,,,,,,6773,8864,6271,8659
1029,2000/03/29,18.1,19.1,20.1,14.2,18.1,15.1,8011,5129,,,,
1030,2000/03/28,,,,,,,,,6387,8487,5915,8291
1031,2000/02/16,17.6,18.6,19.6,13.8,17.6,14.7,7630,4885,,,,
1032,2000/02/15,,,,,,,,,5674,7536,5088,7126
1033,1999/12/08,17.2,18.2,19.2,13.4,17.2,14.3,7249,4641,5439,7223,4878,6830
1034,1999/11/10,16.8,17.8,18.8,13.0,16.8,13.9,6868,4397,5045,6827,4484,6434
1035,1999/09/01,16.4,17.4,18.4,12.7,16.4,13.5,6582,4195,4872,6615,4311,6223
1036,1999/08/11,16.4,17.4,18.4,12.7,16.4,13.5,6582,4195,4872,6615,4311,6223
1037,1999/07/14,16.0,17.0,18.0,12.4,16.0,13.1,6297,3997,4703,6407,4142,6014
1038,1999/05/12,15.6,16.6,,12.1,15.6,12.8,6011,3806,4545,6207,3984,5814
1039,1999/04/07,15.3,16.3,,11.8,15.3,12.5,5725,3628,4407,6020,3846,5627
1040,1999/01/06,15.0,16.0,,11.5,15.0,12.2,5440,3451,4270,5834,3709,5441
